Enterprise,Job
Sesame HR,QA Tester
Macrolet Solutions,.NET Developer
Petroprix,Desarrollador Frontend
Sesame HR,Vue/Typescript Fronted Developer
Barrabés,Frontend Developer- REACT
Shapelets,Frontend Engineer
Petroprix,Desarrollador FullStack
eNubes,PHP Developer (Jr o Sr)
ADVISOR2YOU,PHP Engineer
Sesame HR,PHP/Symphony Backend Developer
Teleconsult - Caduceus,IT Support Agent
Proxya,Analista Programador Liferay
The Bubble Hub,Frontend Developer
Proxya,Desarrollador/a .NET
i2U,Python Developer
Hiberus,Desarrollador Android
Talan,Node & React Fullstack Developer
Talan,Frontend Developer
Petroprix,Backend Engineer
Hiberus,Frontend Developer
Chekin,Backend Engineer
BigBuy,Frontend React
Talan,Java Developer
ADVISOR2YOU,No oferta
"Qosit/OGA, Data Driven Solutions",Ingeniero/a del Dato 
ADVISOR2YOU,Desarrollador PHP + Laravel
OpenBootcamp,Backend Developer
Ariadna Grid,Desarrollador Java
Hiberus,Desarrollador IOS
Iteration Mobile,Programador Android
Hispavista,Android Developer
Petroprix,Android Developer
Itexon,Desarrollador Vuejs
Woolman,Lead Backend Developer
UP Spain,Desarrollador Back-end PHP
The Bubble Hub,iOS Developer Senior
CBP España,Developer Java
Iteration Mobile,Programador IOS
Talan,DevOPS
Seresco,Java Technical Team Lead
BigBuy,Backend Symfony
