Name,Description,Update
Universidad de Córdoba (España),"La Universidad de Córdoba (UCO) es una institución pública de educación universitaria ubicada en la ciudad de Córdoba, España. Creada en 1972, hunde sus…",8 kB (777 palabras) - 07:02 25 abr 2023
Universidad de Oviedo,"La Universidad de Oviedo es una universidad pública ubicada en la ciudad de Oviedo (Asturias, España), con campus en Oviedo, Gijón y Mieres. Es la única…",22 kB (1862 palabras) - 06:12 26 may 2023
Universidad Nacional de Educación a Distancia,"vinculada administrativamente al Ministerio de Universidades.[4] Es la primera universidad de España por número de alumnos matriculados, con 156.975…",25 kB (2579 palabras) - 14:33 8 jun 2023
Universidad de Granada,"campus en las ciudades de Granada, Ceuta y Melilla. Es la cuarta universidad de España por número de estudiantes, miembro del Grupo Coimbra, de la Asociación…",25 kB (2385 palabras) - 14:34 17 may 2023
Universidad Autónoma de Madrid,"Madrid y fundada en 1968.[2] Se encuentra posicionada como la mejor universidad de España, en particular su Facultad de Derecho seleccionada como #1 por el…",23 kB (2186 palabras) - 15:24 27 may 2023
Universidad de Almagro,"universidad renacentista fundada en la ciudad de Almagro (España), una de las llamadas universidades menores.[1] La fundación de esta institución se debe…",15 kB (1998 palabras) - 18:35 23 may 2023
Universidad de Valladolid,"que la convierte en la tercera universidad más antigua de España, por detrás de la Universidad de Palencia y la Universidad de Salamanca. No obstante, se…",48 kB (5386 palabras) - 12:06 28 dic 2022
Universidad de Salamanca,"ciudades de Zamora, Ávila, Béjar y Villamayor. Es la universidad más antigua en operación de España y del mundo hispánico y la tercera más antigua de Europa…",67 kB (7400 palabras) - 22:04 6 jun 2023
Universidad de Palencia,"Palencia, popularmente conocido como Universidad de Palencia,[1][2] estaba situado en la ciudad de Palencia (España). Este studium generale fue el primer…",9 kB (879 palabras) - 10:25 14 abr 2023
Universidad de Barcelona,Biblioteca de la Universidad Complutense de Madrid.[1] Fue fundada en 1450 y es considerada como una de las universidades más antiguas de España.[2][3][4]…,24 kB (2592 palabras) - 05:57 14 abr 2023
Universidad Politécnica de Madrid,La Universidad Politécnica de Madrid (UPM) es una universidad pública con sede en la Ciudad Universitaria de Madrid (España) y con instalaciones en varias…,21 kB (1741 palabras) - 22:35 5 may 2023
Universidad Francisco de Vitoria,"La Universidad Francisco de Vitoria es una universidad privada ubicada en Pozuelo de Alarcón, Comunidad de Madrid (España).[1] Es una universidad católica…",9 kB (932 palabras) - 17:53 22 ago 2022
Universidad Jaime I,proceso de enseñanza y aprendizaje. La Universidad Jaime I se encuentra entre las primeras universidades de España en la obtención de recursos externos…,6 kB (652 palabras) - 21:20 8 mar 2023
Universidad de Madrid,"Censo-guía de Archivos de España e Iberoamérica. Ministerio de Educación, Cultura y Deporte.  Universidad Central. Universidad Complutense de Madrid - Ciudad…",5 kB (608 palabras) - 13:13 6 jun 2023
Universidad de Sevilla,"La Universidad de Sevilla (US) es una universidad pública con sede en Sevilla, Andalucía (España). Es una de las dos universidades públicas de Sevilla…",28 kB (3055 palabras) - 15:31 7 jun 2023
Universidad Complutense de Madrid,"Docta»[b] es la universidad pública más antigua de Madrid, considerada una de las universidades más importantes y prestigiosas de España y del mundo hispanohablante…",98 kB (10 436 palabras) - 09:08 7 jun 2023
Universidad de Extremadura,"Badajoz y de Cáceres (Comunidad Autónoma de Extremadura, España).[4] Es la única universidad de la comunidad autónoma, con dos campus, en Cáceres y Badajoz…",27 kB (2962 palabras) - 12:09 15 feb 2023
Universidad Pontificia Comillas,"La Universidad Pontificia Comillas es una universidad privada española, dirigida por la Compañía de Jesús, con sede en Madrid (España) y campus en Madrid…",17 kB (1495 palabras) - 12:15 5 jun 2023
Universidad de Alcalá (histórica),"La Universidad de Alcalá, Universidad Complutense o Universidad Cisneriana (Complutensis Universitas) fue la universidad que existió en la localidad española…",48 kB (5222 palabras) - 13:28 9 jun 2023
Universidad de Murcia,La Universidad de Murcia (UM) es una universidad pública española ubicada en la Región de Murcia (España). Sus centros se encuentran distribuidos en cinco…,48 kB (4111 palabras) - 23:46 7 jun 2023
Universidad de Cantabria,La Universidad de Cantabria (UC) es una universidad pública radicada en la comunidad autónoma de Cantabria (España). Tiene quince centros distribuidos…,18 kB (1854 palabras) - 04:14 3 jun 2023
Universidad Europea de Madrid,"cuatro universidades en España y Portugal: Universidad Europea de Madrid, Universidad Europea de Valencia, Universidad Europea de Canarias y Universidade Europeia…",6 kB (560 palabras) - 10:53 27 feb 2023
Universidad Católica de Ávila,"católica, ubicada en Ávila, Castilla y León (España). Su nombre rinde homenaje a Santa Teresa de Jesús. La Universidad Católica «Santa Teresa de Jesús» de Ávila…",6 kB (645 palabras) - 01:42 27 feb 2023
Universidad de La Rioja,"La Universidad de La Rioja (UR) es una universidad pública con sede en Logroño, La Rioja (España).[1] Fue creada por ley en 1992.[2] Forma parte del…",20 kB (2452 palabras) - 19:23 16 nov 2022
Universidad de Alcalá,"La Universidad de Alcalá es una universidad pública ubicada en Alcalá de Henares (Madrid), España. Con campus en Alcalá de Henares (Madrid) y Guadalajara…",70 kB (6951 palabras) - 09:32 11 abr 2023
Universidad de Deusto,"País Vasco (España), además de dos sedes en Vitoria y Madrid. Actualmente su rector es José María Guibert Ucín.[1] Es la universidad privada española…",15 kB (1453 palabras) - 09:03 28 mar 2023
Universidad Europea,La Universidad Europea es una institución de enseñanza superior que gestiona tres universidades privadas en España y una en Portugal: Universidad Europea…,8 kB (938 palabras) - 13:37 23 feb 2023
Universidad Ramon Llull,"La Universidad Ramon Llull (URL), (en catalán y oficialmente Universitat Ramon Llull), es una universidad privada de inspiración cristiana ubicada en Barcelona…",4 kB (411 palabras) - 17:34 1 dic 2022
Universidad de Gerona,"La Universidad de Gerona (UdG) (en catalán: Universitat de Girona) es una universidad pública ubicada en Gerona, Cataluña (España). Fue reconocida como…",13 kB (1571 palabras) - 20:47 21 may 2023
Universidad de Vigo,"La Universidad de Vigo (UVigo) es una universidad pública con sede en Vigo, España. Tiene campus en tres ciudades: Vigo, Pontevedra y Orense. La Universidad…",17 kB (1718 palabras) - 16:27 17 may 2023
Universidad Católica San Antonio de Murcia,"pedanía del municipio de Murcia (España). Es propiedad de la Fundación Universitaria San Antonio que, al igual que la universidad, lleva el nombre de su patrón…",15 kB (1499 palabras) - 15:45 20 may 2023
Universidad,"alrededor de 1208; Universidad de Palencia (España) en 1208, precursora de la Universidad de Valladolid; Universidad de Salamanca (España) en 1218 (su origen…",34 kB (3719 palabras) - 22:32 20 may 2023
Universidad de La Laguna,"La Universidad de La Laguna (ULL) es una universidad pública situada en la ciudad de San Cristóbal de La Laguna, en Tenerife (España). Es el centro de…",50 kB (6111 palabras) - 08:07 30 may 2023
Universidad de Valencia,"bajo el nombre de Estudi General, es una de las universidades más antiguas de España. Es una universidad pública, orientada a la docencia e investigación…",35 kB (3722 palabras) - 16:26 17 abr 2023
Universidad de Navarra,"La Universidad de Navarra es una universidad privada católica perteneciente a la prelatura del Opus Dei y fundada en Pamplona, Navarra (España) en 1952…",41 kB (3115 palabras) - 20:00 22 abr 2023
Universidad CEU San Pablo,2020.  «Universidades privadas con más alumnos España 2019». Statista. Consultado el 7 de abril de 2020.  «Campus e instalaciones • Universidad CEU San…,9 kB (894 palabras) - 18:52 11 may 2023
Universidad popular,"ideario las universidades populares son asociaciones sin ánimo de lucro con finalidad social.[1] Su origen y desarrollo se produce en Francia, España y Alemania…",26 kB (3103 palabras) - 05:08 23 may 2023
Universidad de Santiago de Compostela,"Galicia (España), y campus en Santiago de Compostela y Lugo. Fue fundada en 1495 por Lope Gómez de Marzoa y es, con sus más de 500 años, la universidad de más…",24 kB (2804 palabras) - 17:11 22 may 2023
Universidad Rey Juan Carlos,"siendo por ello la segunda universidad de Madrid con mayor número de alumnos matriculados, y la sexta de España.[4] La Universidad Rey Juan Carlos se divide…",22 kB (2094 palabras) - 09:52 31 may 2023
Universidad de Málaga,Anexo:Rectores de la Universidad de Málaga Universidad Anexo:Universidades de España Campus de Excelencia Internacional Ranking de universidades españolas https://www…,44 kB (4637 palabras) - 14:04 26 abr 2023
Universidad Internacional de Valencia,el Ministerio de Universidades de España y con sede principal en Valencia (España). Se encuentra entre las más destacadas de España según rankings como…,26 kB (2486 palabras) - 21:18 18 may 2023
Universidad católica,"Nicaragua, o la Universidad Eclesiástica San Dámaso que depende de la Archidiócesis de Madrid, en España. También son católicas las universidades que dependen…",9 kB (1112 palabras) - 08:26 6 abr 2023
Universidad de Lérida,Capítulo Catedralicio. En la segunda mitad del siglo XVII las universidades en España vivían un periodo de decadencia que continuaría hasta el reinado…,6 kB (554 palabras) - 12:47 13 may 2023
Universidad de León,"La Universidad de León (ULE) es una universidad pública con sede en la ciudad de León, (España), y con un campus adicional en Ponferrada. El germen de…",15 kB (1640 palabras) - 08:05 19 abr 2023
Universidad de Cádiz,"La Universidad de Cádiz es la universidad pública de la provincia de Cádiz, en la comunidad autónoma española de Andalucía. Fue fundada en el año 1979…",36 kB (3647 palabras) - 07:28 14 abr 2023
Universidad pública,"Una universidad pública es una universidad cuya financiación corre a cargo principalmente de un Gobierno, bien nacional o de alguna entidad subnacional…",20 kB (2451 palabras) - 08:34 6 abr 2023
Universidad Central del Ecuador,La Universidad Central del Ecuador es la universidad más antigua y la segunda más grande por número de estudiantes de la República del Ecuador. Se ubica…,45 kB (6132 palabras) - 08:03 18 may 2023
Universidad de Jaén,"La Universidad de Jaén (UJA) es una universidad pública con sede en Jaén, Andalucía (España). Se trata de una universidad joven creada mediante la Ley…",28 kB (3056 palabras) - 14:59 27 may 2023
Universidad Camilo José Cela,"innovadoras en educación ubicada en España. Un proyecto que ofrece a los emprendedores un período de estancia en la universidad, contacto con los profesores…",11 kB (1294 palabras) - 14:01 16 ene 2023
Universidades españolas en el Siglo de Oro,y la reforma de la universidad en la España del siglo XVIII (3.ª edición). Madrid: Ed. Pegaso; 1985. Pérez Puente L. Universidad de doctores: México…,57 kB (3937 palabras) - 13:59 14 abr 2023
Universidad Internacional de Andalucía,"La Universidad Internacional de Andalucía (UNIA) es una universidad pública de Andalucía, España fundada en 1994 con vocación complementaria al resto…",4 kB (326 palabras) - 19:38 12 may 2023
Universidad San Jorge,"ubicada en Villanueva de Gállego, provincia de Zaragoza, Aragón (España). La Universidad San Jorge es una institución de educación superior universitaria…",14 kB (1510 palabras) - 10:31 9 abr 2023
Universidad de Almería,"crecido de modo acelerado, convirtiéndose en una de las principales universidades de España en investigación y transferencia de conocimiento en campos como…",18 kB (2349 palabras) - 09:31 21 dic 2022
Universidad Loyola (Andalucía),"Granada). La Universidad Loyola forma parte de UNIJES, la federación que integra a las universidades y centros universitarios jesuitas de España. Creada en…",7 kB (857 palabras) - 10:41 12 nov 2022
Universidad Carlos III de Madrid,"La Universidad Carlos III de Madrid (UC3M) es una universidad pública con sede en Getafe, Comunidad de Madrid (España). Fue fundada por Gregorio Peces-Barba…",9 kB (938 palabras) - 20:34 24 mar 2023
Universidad de Guadalajara,"solicitar la creación de una universidad en Guadalajara fue el obispo fray Felipe Galindo y Chávez al rey Carlos II de España. Sin embargo, fue solo después…",37 kB (4047 palabras) - 04:47 1 jun 2023
Universidad Autónoma de Barcelona,"La Universidad Autónoma de Barcelona[3] es una universidad pública de España, fundada en 1968. La mayor parte de sus centros docentes y servicios extra-académicos…",18 kB (1841 palabras) - 15:07 13 abr 2023
Universidad Pública de Navarra,"La Universidad Pública de Navarra, abreviado UPNA (en euskera Nafarroako Unibertsitate Publikoa o NUP), es la segunda universidad por número de alumnos…",18 kB (1876 palabras) - 17:50 1 may 2023
Universidad Internacional Menéndez Pelayo,La Universidad Internacional Menéndez Pelayo (UIMP) es una universidad pública española con domicilio social en Madrid[1] y principal sede histórica…,14 kB (1492 palabras) - 21:36 4 mar 2023
Universidad Sertoriana de Huesca,"La Universidad Sertoriana de Huesca fue fundada por Pedro IV de Aragón el 12 de marzo de 1354 desde Alcañiz, pese a la exclusividad que había sido otorgada…",11 kB (1094 palabras) - 16:48 23 may 2023
Universidad Tecnológica de Santiago,"Santander, España. Universidad de South Baylor, California. Universidad de Granada, España. Universidad de Sevilla, España. Universidad de Las Mujeres, Corea…",10 kB (1051 palabras) - 08:04 13 may 2023
Universidad Pontificia,Pontificia Universidad Javeriana Universidad Pontificia Bolivariana Ecuador Pontificia Universidad Católica del Ecuador España Universidad Pontificia…,8 kB (775 palabras) - 08:28 6 abr 2023
Universidad Villanueva,"La Universidad Villanueva es una universidad privada, de Fomento de Centros de Enseñanza, creada en 1977 y ubicada en Madrid (España).[1] El 9 de diciembre…",5 kB (371 palabras) - 09:08 8 may 2023
Universidad Politécnica de Cataluña,"Gabriel Ferraté, quien fue nombrado por el Gobierno de España como director general de Universidades e Investigación desde Madrid.[7] Durante el breve período…",28 kB (2301 palabras) - 10:46 26 feb 2023
Universidad Federal de Río de Janeiro,"las mejores universidades de América Latina, según la clasificación Webométrica del Consejo Superior de Investigaciones Científicas de España. [7] La Universidad…",19 kB (1947 palabras) - 19:02 13 abr 2023
Universidad Mayor Real y Pontificia San Francisco Xavier de Chuquisaca,"Cédula de Felipe IV de España anterior a su fundación, al considerarse una universidad nacida en disposición el Reino de España. Finalmente este título…",49 kB (5378 palabras) - 19:03 17 abr 2023
Universidad de Baeza,La Universidad de Baeza fue una universidad del antiguo Reino de Jaén (España) fundada en la ciudad de Baeza por bula del papa Pablo III en 1538. Fue una…,14 kB (1717 palabras) - 22:37 31 may 2023
Universidad Alfonso X el Sabio,"La Universidad Alfonso X el Sabio (UAX) es una universidad privada ubicada en la Comunidad de Madrid, España. Su nombre rinde homenaje a Alfonso X de…",7 kB (883 palabras) - 17:54 20 dic 2022
Universidad de Washington,"Comunidad Escuela de Trabajo Social La universidad tiene un programa de estudios en el extranjero en León (España), cuya sede se denomina León Center y…",4 kB (229 palabras) - 21:10 31 mar 2023
Universidad de Cervera,"La Universidad de Cervera es un edificio construido entre 1718 y 1740 ubicado en el municipio de Cervera, en la comarca de la Segarra (Lérida) España. Fue…",4 kB (415 palabras) - 19:32 3 jun 2023
Universidad Laboral de Gijón,"La Universidad Laboral de Gijón es un edificio situado en la parroquia de Cabueñes del concejo de Gijón (Principado de Asturias, España). Desde su construcción…",37 kB (4207 palabras) - 17:23 25 may 2023
Universidad de Orihuela,"La Universidad de Orihuela se encontraba emplazada en el convento de Santo Domingo, en Orihuela, España. Fue la segunda universidad más antigua del Reino…",9 kB (1178 palabras) - 21:07 25 may 2023
Universidad a distancia,"net. Por su parte, España creó la UNED en 1973, en aplicación de la nueva Ley General de Educación.[1] Alemania creó la Universidad a Distancia de Hagen…",6 kB (799 palabras) - 23:14 20 abr 2023
Universidad Santo Tomás,"Santo Tomás, universidad en Canadá. Universidad Santo Tomás, universidad en el Monasterio de Santo Tomás desde el siglo XVI al XIX, en Ávila, España.…",2 kB (163 palabras) - 14:52 26 feb 2021
Universidad de La Habana,la fundación de la universidad fueron el papa Inocencio XIII y el rey Felipe V de España. Posteriormente fue fundada la Universidad de La Habana (U-H)…,19 kB (2463 palabras) - 10:10 3 may 2023
Universidad Nacional de La Plata,"Technologische Studies de la Universidad de Leiden, en Países Bajos, o el Consejo Superior de Investigaciones Científicas de España (CSIC). Desde 2020, asimismo…",181 kB (19 976 palabras) - 15:39 8 jun 2023
Universidad de Concepción,"La Universidad de Concepción, también conocida por su acrónimo UdeC, es una universidad privada tradicional chilena, obra de la comunidad penquista, una…",44 kB (2702 palabras) - 16:25 16 may 2023
Universidad Nacional Autónoma de México,nombre de Real Universidad de México.[30][31] Ésta inauguró sus cursos el 25 de enero de 1553 cuando era virrey de la Nueva España don Luis de Velasco…,125 kB (10 215 palabras) - 17:53 2 jun 2023
Universidad Nacional de Rosario,multimedia sobre Universidad Nacional de Rosario. Universidad de Almagro (España) redirige desde Universidad de Nuestra Señora del Rosario Universidad del Rosario…,21 kB (2331 palabras) - 04:37 31 dic 2022
Universidad Autónoma de Santo Domingo,"esta bula la primera universidad en el nuevo continente, aunque esta no recibió el reconocimiento por parte del Reino de España hasta dos décadas después…",28 kB (2758 palabras) - 14:41 8 jun 2023
Universidad Central de Venezuela,independencia de España en América Latina por el P. Baltasar de los Reyes Marrero y otros miembros del profesorado de la Universidad. En mayo de 1827…,33 kB (3816 palabras) - 22:25 5 may 2023
Universidad Nacional Mayor de San Marcos,especializadas:[299] Biblioteca España de las Artes: Denominada antes «Biblioteca España del Centro Cultural de la Universidad Nacional Mayor de San Marcos»…,492 kB (38 748 palabras) - 02:06 7 jun 2023
Universidad de Santo Tomás (Filipinas),"Pontificia y Real Universidad de Santo Tomás, Universidad Católica de Filipinas o simplemente Universidad de Santo Tomás, es una universidad privada católica…",12 kB (1511 palabras) - 22:01 15 ene 2023
Universidad Internacional de Cataluña,"La Universidad Internacional de Cataluña (UIC Barcelona), Universitat Internacional de Catalunya en catalán, es una universidad privada con sede en Barcelona…",13 kB (1578 palabras) - 18:46 30 oct 2022
Universidad Miguel Hernández,"La Universidad Miguel Hernández (UMH), oficialmente Universidad de Miguel Hernández de Elche,[2] es una universidad pública española multicampus de la…",13 kB (1429 palabras) - 16:19 18 ene 2023
Universidad eclesiástica,"otras. La única universidad eclesiástica fuera de Roma en lengua española es la Universidad Eclesiástica San Dámaso, en Madrid (España). Portal:Iglesia…",6 kB (794 palabras) - 08:27 6 abr 2023
Universidad de San Antonio de Porta Coeli,"y de la Corona, la Universidad Seguntina se creó bajo la nueva fórmula de ""Colegio-Universidad"", fue el primero fundado en España. En 1551 se amplió la…",15 kB (1685 palabras) - 05:00 26 may 2023
Universidad de San Luis,"récord de campeonatos nacionales, con 10. La Universidad de San Luis tiene un campus en Madrid (España) desde 1967, la Saint Louis University Madrid…",3 kB (224 palabras) - 12:01 22 oct 2022
Universidad de San Carlos de Guatemala,"La Universidad de San Carlos de Guatemala (también conocida y llamada por sus siglas: USAC) es la universidad más grande y antigua de Guatemala, siendo…",153 kB (15 973 palabras) - 21:03 30 may 2023
Universidad de Castilla-La Mancha,La Universidad de Castilla-La Mancha (UCLM) es una universidad pública española en la comunidad autónoma de Castilla-La Mancha con campus en Albacete…,21 kB (2286 palabras) - 07:30 25 abr 2023
Universidad Laboral,educación en España Ingeniería técnica en España Instituto de Educación Secundaria (IES) Universidad Universidad popular «Lago Rivero G. Universidades Laborales…,14 kB (1460 palabras) - 20:14 13 abr 2023
Universidad Martín Lutero de Halle-Wittenberg,"Bratislava, Universidad Eslovaca de Tecnología en Bratislava España: Universidad de Alcalá Sudáfrica: Universidad de Pretoria, Universidad de Stellenbosch…",20 kB (1887 palabras) - 20:51 20 feb 2023
Universidad Iberoamericana (UNIBE),"Cultural entre España y los pueblos de América; la intención de fortalecer los lazos de hispanidad entre los países americanos y España, y así como también…",8 kB (952 palabras) - 14:08 11 mar 2023
Universidad Católica Argentina,"Universidad Católica Argentina (UCA), oficialmente Pontificia Universidad Católica Argentina Santa María de los Buenos Aires, es una universidad privada…",32 kB (3149 palabras) - 02:22 29 mar 2023
Universidad de Huelva,La Universidad de Huelva (UHU) es una universidad pública española de la provincia homónima con facultades en las localidades de Huelva y Palos de la Frontera…,16 kB (1848 palabras) - 05:44 26 may 2023
Universidad medieval,"órdenes religiosas. Las primeras universidades de la Europa cristiana fueron fundadas en Italia, en Inglaterra, en España y en Francia para el estudio del…",16 kB (1982 palabras) - 09:17 13 abr 2023
Universidad Europea Miguel de Cervantes,"La Universidad Europea Miguel de Cervantes (UEMC) es una universidad privada ubicada en Valladolid, Castilla y León (España).[2] Tiene más de 5.000 estudiantes…",8 kB (848 palabras) - 06:21 8 jun 2023
Universidad Libre de Bruselas,"La Universidad Libre de Bruselas (ULB) es una universidad belga francófona. Esta institución, creada en 1834, cuenta con seis premios Nobel y dos medallas…",7 kB (623 palabras) - 03:53 2 jun 2023
Universidad a Distancia de Madrid,1977 como Centro de Estudios Financieros. Fue la tercera universidad no presencial de España y la primera de carácter privado.[2][3] Su actividad docente…,18 kB (1604 palabras) - 20:04 12 may 2023
Universidad Pablo de Olavide,"La Universidad Pablo de Olavide (UPO) es una universidad pública situada en Sevilla, España. Fundada en 1997, es una de las universidades públicas más…",16 kB (2044 palabras) - 15:44 5 abr 2023
Universidad del País Vasco-Vasconia,"de San Sebastián), conocido popularmente como Universidad del País Vasco, fue un club deportivo de España, de la ciudad de San Sebastián en la provincia…",8 kB (1041 palabras) - 00:04 6 ene 2023
Universidad de Zaragoza,"La Universidad de Zaragoza es un centro de educación superior público repartido geográficamente entre los campus de Zaragoza, Huesca, Jaca, Teruel y La…",11 kB (1087 palabras) - 09:26 20 abr 2023
Universidad (Madrid),"Universidad (en su origen conocido como barrio de Maravillas) es un barrio del distrito Centro de la ciudad de Madrid. Lo limitan, de un modo certero…",12 kB (960 palabras) - 13:08 6 jun 2023
Universidad de El Salvador,"Universidad de El Salvador (UES) es la institución de educación superior más grande y antigua de la República de El Salvador, y la única universidad pública…",314 kB (35 118 palabras) - 15:04 3 jun 2023
Universidad de Vic - Universidad Central de Cataluña,"La Universidad de Vic - Universidad Central de Cataluña[1][2] (en catalán Universitat de Vic - Universitat Central de Catalunya), reconocida por la Ley…",6 kB (700 palabras) - 17:26 18 abr 2023
Universidad Nacional de Córdoba,"La Universidad Nacional de Córdoba (UNC) es una universidad pública de Argentina. Tiene sede en la ciudad de Córdoba. Fundada el 19 de junio de 1613, es…",84 kB (9237 palabras) - 21:05 1 jun 2023
Universidad de La Coruña,"La Universidad de La Coruña (en gallego y oficialmente Universidade da Coruña) es una universidad pública española con campus en La Coruña (Oleiros, Maestranza…",6 kB (436 palabras) - 21:07 21 feb 2023
Universidad del Bío-Bío,"de las veinticinco universidades del Consejo de Rectores de las Universidades Chilenas, y miembro de la Agrupación de Universidades Regionales de Chile…",45 kB (4998 palabras) - 04:18 7 may 2023
Universidad de las Islas Baleares,"La Universidad de las Islas Baleares, UIB (en catalán: Universitat de les Illes Balears) es una universidad en la comunidad autónoma española de las Islas…",18 kB (1774 palabras) - 20:51 18 may 2023
Universidad de Las Palmas de Gran Canaria,La Universidad de Las Palmas de Gran Canaria (ULPGC) es una universidad pública con sede en la ciudad de Las Palmas de Gran Canaria y con varias instalaciones…,61 kB (6086 palabras) - 09:10 14 abr 2023
Universidad de Mondragón,La Universidad de Mondragón (en euskera y oficialmente Mondragon Unibertsitatea) es una universidad privada de iniciativa social sin ánimo de lucro perteneciente…,5 kB (513 palabras) - 04:50 24 ene 2023
Universidad de Nueva York,Escuela de Derecho de la Universidad de Nueva York Instituto Courant de Ciencias Matemáticas Centro Rey Juan Carlos I de España Oficial de la AAU Newsweek…,6 kB (550 palabras) - 01:35 14 ago 2022
Universidad Nacional del Altiplano de Puno,"La Universidad Nacional del Altiplano de Puno (siglas: UNAP) es una universidad pública ubicada en la ciudad de Puno, Perú. Es una de las primeras universidades…",50 kB (4161 palabras) - 15:57 31 may 2023
Universidad Pompeu Fabra,La Universidad Pompeu Fabra (UPF) es una universidad pública española ubicada en la ciudad de Barcelona. Académicamente está entre las 2000 mejores del…,13 kB (1238 palabras) - 11:38 15 may 2023
Universidad Internacional de La Rioja,"doctorado. Desde 2013, la Universidad Internacional de La Rioja ofrece el primer programa de doctorado en línea en España que se titula Sociedad del…",21 kB (2285 palabras) - 09:33 13 may 2023
Universidad Nebrija,"Universidades[2] que autorizaba la creación de universidades privadas en España, los dirigentes del proyecto diseñaron la creación de la Universidad…",14 kB (1369 palabras) - 13:24 24 mar 2023
Universidad SEK Chile,"Institución Internacional SEK, institución educativa con colegios y universidades fundada en España en 1990. Su primer campus fue el Parque Arrieta en la comuna…",5 kB (482 palabras) - 21:56 27 mar 2023
Universidad de Osuna,"La antigua Universidad de Osuna (Sevilla, España) es uno de los ejemplos más significativos de la cultura española, tanto por su peculiar fisonomía como…",11 kB (1639 palabras) - 07:25 26 may 2023
Universidad de Alicante,"La Universidad de Alicante (en valenciano, Universitat d'Alacant; en siglas, UA) es una universidad pública española con sede en San Vicente del Raspeig…",16 kB (1534 palabras) - 11:31 23 abr 2023
Universidad Centroamericana José Simeón Cañas,"de España, colocan a la UCA como la primera mejor universidad salvadoreña.[6] [7] UCA El Salvador destaca aún por delante de otras universidades más…",18 kB (1793 palabras) - 10:39 28 ene 2023
Universidad de California en Berkeley,"La Universidad de California en Berkeley (en idioma inglés University of California, Berkeley), también conocida como Berkeley o Cal,[1] es una universidad…",164 kB (17 383 palabras) - 07:14 8 jun 2023
Universidad Loyola Chicago,tiene en el Escudo de armas de Loyola (España). Wikimedia Commons alberga una categoría multimedia sobre Universidad Loyola Chicago. Sitio web oficial (en…,5 kB (508 palabras) - 18:35 30 oct 2022
Universidad de Ratisbona,"Francia, Italia y España. Universidades en Kanazawa, Japón y Corea del Sur ofrecen oportunidades para que estudiantes de la Universidad de Ratisbona adelanten…",10 kB (1025 palabras) - 11:01 14 abr 2023
Universidad CEU Cardenal Herrera,la Universidad CEU Cardenal Herrera». abc. 15 de julio de 2019. Consultado el 7 de abril de 2020.  «Universidades privadas con más alumnos España 2019»…,9 kB (836 palabras) - 18:21 17 may 2023
Universidad de Buenos Aires,La Universidad de Buenos Aires (UBA) es una universidad pública argentina con sede en la Ciudad de Buenos Aires. Fue fundada el 12 de agosto de 1821 por…,83 kB (8235 palabras) - 20:15 17 abr 2023
Universidad de Las Palmas de Gran Canaria Club de Fútbol,"El Universidad de Las Palmas de Gran Canaria Club de Fútbol, también conocido popularmente como Universidad de Las Palmas, Uni o por sus siglas ULPGC,…",60 kB (5678 palabras) - 20:41 9 jun 2023
Universidad Eclesiástica San Dámaso,La Universidad Eclesiástica San Dámaso (UESD) es una universidad eclesiástica erigida por la Santa Sede en la Archidiócesis de Madrid (España). Imparte…,19 kB (1934 palabras) - 20:34 20 feb 2023
Universidad Abad Oliva CEU,"ubicada en Barcelona, España.[3] Adquirió dicha condición en 2003 por decreto del Parlamento de Cataluña, que elevó a universidad el homónimo colegio universitario…",17 kB (2094 palabras) - 15:55 10 mar 2023
Universidad Nacional de Trujillo,La Universidad Nacional de Trujillo (siglas: UNT o UNITRU) es una universidad pública peruana ubicada en la ciudad de Trujillo. Fue fundada el 10 de mayo…,32 kB (3384 palabras) - 06:25 12 may 2023
Universidad de Guanajuato,"La Universidad de Guanajuato (UG), benemérita[2] y autónoma es una universidad pública mexicana. Se dedica a la educación en los niveles medio superior…",37 kB (3584 palabras) - 23:56 12 may 2023
Universidad de Brístol,La Universidad de Brístol (en inglés: University of Bristol; lat.: Universitas Bristoliensis) es una universidad pública del Reino Unido situada en la…,12 kB (1192 palabras) - 06:04 13 feb 2023
Universidad DePaul,"[2] Tiene acuerdos de intercambio de estudiantes con la Universidad Europea de Madrid, España. DePaul tiene una de las escuelas de negocios más antiguas…",4 kB (366 palabras) - 15:35 30 oct 2022
Universidad Politécnica de Valencia,La Universidad Politécnica de Valencia (nombre oficial: Universitat Politècnica de València)[5] o UPV es una universidad pública española con sede en…,50 kB (6209 palabras) - 12:10 26 mar 2023
Universidad UTE,"La Universidad UTE es una universidad privada creada el 9 de agosto de 1971, bajo el nombre de Instituto Tecnológico Equinoccial. El 18 de febrero de 1986…",14 kB (1150 palabras) - 03:38 27 oct 2022
Universidad Nacional de San Cristóbal de Huamanga,"II de España. Su creación también contó con la confirmación del Papa Inocencio XI, mediante Bula Pontificia. Inicialmente fue una universidad aristocrática…",19 kB (1566 palabras) - 07:42 9 ene 2023
Universidad Autónoma de Yucatán,La Universidad Autónoma de Yucatán (UADY) es una institución universitaria de carácter público y autónomo cuya sede se localiza en la ciudad de Mérida…,57 kB (4577 palabras) - 15:49 13 abr 2023
Universidad Nacional Federico Villarreal,"Tunas de la Universidad de Aveiro). En el año 2022 realizó una gira por las principales capitales europeos, visitando países como Portugal, España, Francia…",24 kB (1285 palabras) - 21:34 13 abr 2023
Universidad Laboral de Córdoba,"La Universidad Laboral de Córdoba fue inaugurada el 5 de noviembre de 1956 con el nombre de Onésimo Redondo, en Córdoba, España. Situada en el ""km 395""…",4 kB (466 palabras) - 12:12 21 ago 2022
Universidad Católica de Valencia San Vicente Mártir,"La Universidad Católica de Valencia ""San Vicente Mártir"" es una universidad privada y católica, con sede en Valencia, Comunidad Valenciana (España) y…",15 kB (1713 palabras) - 17:04 29 may 2023
Universidad de verano,"concepto aparece en España en 1932, como una de las derivaciones de la Institución Libre de Enseñanza, con la creación de la Universidad Internacional de…",1 kB (123 palabras) - 10:39 23 oct 2019
Universidad de Burgos,"La Universidad de Burgos (UBu) es una universidad pública situada en la ciudad española de Burgos, creada en 1994. En el año 2022 cuenta con unos 8500…",17 kB (1472 palabras) - 06:57 27 may 2023
Universidad Francisco Marroquín,"La Universidad Francisco Marroquín, también conocida por su acrónimo UFM, es una universidad privada y laica ubicada en la Ciudad de Guatemala, Guatemala…",8 kB (623 palabras) - 06:50 1 may 2023
Universidad de La Serena,"universitaria del canto popular y romántico, que surgió en las universidades de la vieja España, allá por el siglo XVI; como también, ser un medio de expresión…",19 kB (2054 palabras) - 09:03 14 abr 2023
Universidad de Córdoba,"Córdoba, ubicada en la ciudad de Montería, en el departamento de Córdoba (Colombia); o la Universidad de Córdoba, ubicada en la ciudad de Córdoba (España).…",438 bytes (46 palabras) - 15:42 17 dic 2017
Universidad Politécnica de Cartagena,"desde el 3 de agosto de 1998.[2] La Universidad Politécnica de Cartagena es la universidad técnica más joven de España, aunque varias de sus escuelas se…",15 kB (1657 palabras) - 06:53 16 may 2023
Universidad París-Dauphine,"dobles titulaciones con 2 Universidades: Universidad Autónoma de Madrid, Universidad que se sitúa entre las primeras de España (ranking) Johann Wolfgang…",15 kB (1698 palabras) - 21:13 23 may 2023
Universidad Nacional de Costa Rica,"La Universidad Nacional de Costa Rica (UNA) es una de las cinco universidades estatales de Costa Rica, junto con la Universidad de Costa Rica, el Tecnológico…",16 kB (1709 palabras) - 07:28 30 abr 2023
Universidad de Rhode Island,"convenios con la Universidad de Cantabria (Santander), la Universidad de Navarra (campus de San Sebastián) y la Universidad de Zaragoza en España y con el Instituto…",3 kB (239 palabras) - 20:04 12 ene 2022
Universidad de Puerto Rico,"La Universidad de Puerto Rico (UPR) es un sistema público universitario de Puerto Rico. Es el sistema universitario más grande de Puerto Rico, y cuenta…",31 kB (3681 palabras) - 21:49 20 may 2023
Universidad Tecmilenio,Universidad de Oviedo de España; la Universidad de Nottingham del Reino Unido; la Universidad Tecnológica Checa en Praga y la Universidad Federal de Rio Grande…,31 kB (2838 palabras) - 12:10 26 may 2023
Universidad de Virginia,"La Universidad de Virginia (en inglés University of Virginia), también conocida como U.Va., UVA, Universidad del Sr. Jefferson, o La Universidad, es una…",14 kB (1498 palabras) - 12:12 14 abr 2023
Universidad Pontificia de Salamanca,"La Universidad Pontificia de Salamanca (UPSA) es una universidad católica española, de carácter privado, fundada en 1940 y ubicada en Salamanca, con campus…",9 kB (967 palabras) - 13:07 28 mar 2023
Universidad Abierta de Cataluña,"La Universidad Abierta de Cataluña[3](en catalán: Universitat Oberta de Catalunya), conocida como la UOC, es una universidad a distancia que se organiza…",20 kB (2223 palabras) - 11:10 2 jun 2023
Universidad de Los Andes (Venezuela),reconocida como Universidad el 21 de septiembre de 1810 bajo decreto expedido por la Junta Gubernativa de la provincia de la Corona de España. Es una de las…,56 kB (5439 palabras) - 21:29 26 may 2023
Universidad de Qarawiyyin,La Universidad de Qarawiyyin o Al-Karaouine (en árabe جامعة القرويين) es una universidad islámica y mezquita ubicada en la ciudad de Fez (Marruecos).…,39 kB (4947 palabras) - 16:55 30 abr 2023
Universidad Adam Mickiewicz de Poznań,"Francia Universidad Complutense de Madrid – España Indiana University of Pennsylvania, Indiana – EE. UU. Universidad de Cornell Ithaca, (NY) – EE. UU. Università…",7 kB (743 palabras) - 12:48 21 mar 2023
Universidad de Oñate,"La Universidad de Oñate (en euskera: Oñatiko Unibertsitatea; en latín: Universitas Onnacensis), oficialmente Universidad del Espíritu Santo (en latín:…",10 kB (990 palabras) - 08:00 5 ene 2023
Universidad Yachay Tech,"La Universidad de Investigación de Tecnología Experimental Yachay, también conocida como Universidad Yachay o Yachay Tech es una universidad pública del…",23 kB (2084 palabras) - 04:05 29 may 2023
Universidad La Salle (México),"Las Universidades La Salle son universidades privadas y de inspiración cristiana en México, que imparten estudios de bachillerato, licenciatura, maestría…",11 kB (1267 palabras) - 18:40 30 ene 2023
Universidad del Rosario,top cinco a nivel Colombia. La Universidad del Rosario fue fundada en 1653 con la licencia concedida por el rey de España Felipe IV a Fray Cristóbal de…,46 kB (5116 palabras) - 18:21 10 may 2023
Universidad de Pamplona,"Calidad. Ostenta convenios inter-institucionales con universidades de Estados Unidos,[7] España,[8][9] Francia, Inglaterra, Alemania y China,[10][11]…",96 kB (8578 palabras) - 16:14 17 may 2023
Universidad Técnica Federico Santa María,"La Universidad Técnica Federico Santa María, también conocida por sus siglas UTFSM o más comúnmente USM, es una universidad tradicional privada chilena…",34 kB (4306 palabras) - 20:28 1 may 2023
Universidad Nacional de Cuyo,"Universidad Nacional de Cuyo (UNCUYO) es el mayor centro de educación superior de la Provincia de Mendoza, República Argentina. Fue creada en 1939 en…",49 kB (5301 palabras) - 20:11 5 abr 2023
Universidad Federal de Bahía,"órgano de España, bancado por la Unión Europea, como siendo la 16.ª mejor universidad de América Latina, 11.ª de Brasil y 7.ª entre las universidades federales…",10 kB (732 palabras) - 00:41 24 ene 2023
Universidad Nacional Autónoma de Honduras,"en el Centro Cultural de España en Tegucigalpa integra conjuntamente con la Biblioteca Nacional de Honduras, la Universidad Pedagógica Nacional Francisco…",50 kB (5084 palabras) - 16:04 23 may 2023
Universidad Cristóbal Colón,"La Universidad Cristóbal Colón es una universidad privada, localizada en la ciudad de Veracruz, México. Fundada en 1969 por el P. Antonio Torrente Viver…",14 kB (1834 palabras) - 02:39 31 mar 2022
Universidad de Antioquia,"La Universidad de Antioquia (U. de A.) es una institución de educación superior colombiana, ubicada en el departamento de Antioquia. Fundada en 1803 como…",105 kB (11 119 palabras) - 10:08 23 may 2023
Universidad de Montevideo,"La Universidad de Montevideo (UM) es una universidad privada ubicada en Montevideo, Uruguay. Comenzó sus actividades académicas en 1986 y obtuvo el título…",12 kB (1363 palabras) - 09:43 14 abr 2023
Universidad Nacional de Asunción,La Universidad Nacional de Asunción (U. N. A.) es la institución estatal de estudios terciarios más antigua de la República del Paraguay y la de mayor…,24 kB (2655 palabras) - 20:47 19 mar 2023
Universidad Pontificia de Santo Tomás de Aquino (Chile),"España, autorizaba a todos los colegios dominicos americanos que lo solicitaban, siempre que se encontraran a más de 200 millas de las universidades de…",11 kB (1189 palabras) - 01:25 9 ene 2023
Universidad Nacional de Avellaneda,"Museología y Repositorios Culturales y Naturales La Universidad posee 5 sedes:[3] Sede «España», Rectorado: España 350 esq. Colón, Avellaneda. Sede «Piñeiro»…",13 kB (1396 palabras) - 16:54 15 mar 2023
Universidad de Växjö,"Universidad de Lund, y finalmente en 1999 se convierte en una universidad independiente. En cuanto a población estudiantil, es la segunda universidad…",2 kB (259 palabras) - 16:28 12 dic 2020
Universidad Pontificia de Santo Tomás de Aquino,"La Pontificia Universidad de Santo Tomás de Aquino en Roma, comúnmente conocida como Angelicum, es la Universidad de los Dominicos en Roma, y una de las…",8 kB (880 palabras) - 23:38 27 feb 2023
Universidad de Nariño,"La Universidad de Nariño es una universidad pública colombiana que, como institución de educación superior en inspección y vigilancia por medio de las…",17 kB (2104 palabras) - 19:15 30 abr 2023
Universidad de Cagliari,"Felipe III de España.[1] Entre 1970 y 1973 se convocan en Italia los concursos de ideas para la construcción de las nuevas universidades, entre ellas…",6 kB (687 palabras) - 16:31 5 abr 2022
Universidad (Albacete),Universidad es un barrio de Albacete (España) situado al sur de la capital. Tiene una población de 4772 habitantes (2012).[1] Alberga grandes infraestructuras…,11 kB (728 palabras) - 14:18 13 abr 2023
Universidad Católica de Córdoba,"universidad jesuítica de Córdoba (Universidad Mayor de San Carlos) hasta la expulsión de los jesuitas de los dominios de España en 1767, hoy UNC, han sido declaradas…",16 kB (1807 palabras) - 01:32 29 mar 2023
Universidad Anáhuac México,"Dicha red posee dieciséis universidades a nivel internacional con diez instituciones en México, una en Chile, una en España, dos en Italia y dos más en…",9 kB (1034 palabras) - 17:44 5 may 2023
Universidad Autónoma de Asunción,"La Universidad Autónoma de Asunción, tiene su origen en una Escuela de Negocios: la Escuela Superior de Administración de Empresas (ESAE), fundada en…",11 kB (1123 palabras) - 02:52 12 feb 2022
Universidad del Norte (Colombia),"a la Universidad Industrial de Santander, la Universidad EAFIT, la Universidad del Rosario, la Pontificia Universidad Javeriana y la Universidad Externado…",20 kB (1947 palabras) - 13:39 23 dic 2022
Universidad Europea de Canarias,La Universidad Europea de Canarias[1] (UEC) es la primera[2] institución de educación superior privada de las Islas Canarias[3] (España). Comenzó su…,4 kB (234 palabras) - 19:45 23 dic 2022
Universidad Anáhuac Mayab,"La Universidad Anáhuac Mayab, miembro de la Red de Universidades Anáhuac, es una institución educativa privada de nivel superior ubicada en Mérida, Yucatán…",9 kB (764 palabras) - 19:36 15 feb 2023
Universidad Nacional José Faustino Sánchez Carrión,"La Universidad Nacional José Faustino Sánchez Carrión (siglas: UNJFSC) es una universidad pública ubicada en la ciudad de Huacho, capital de la Región…",16 kB (1622 palabras) - 16:27 15 may 2023
Universidad Central de Venezuela Fútbol Club,"La Universidad Central de Venezuela Fútbol Club, también conocido como Universidad Central o por sus siglas UCV, es un equipo de fútbol venezolano con…",15 kB (674 palabras) - 01:20 11 may 2023
Universidad Rovira i Virgili,"La Universidad Rovira i Virgili[1] (URV) —en catalán Universitat Rovira i Virgili— es una universidad pública con centros en Tarragona, Reus, Vilaseca…",13 kB (1215 palabras) - 18:55 22 oct 2022
Universidad ICESI,La Universidad Icesi (originalmente las siglas de Instituto Colombiano de Estudios Superiores de Incolda) es una institución educativa privada en Cali…,13 kB (1261 palabras) - 23:35 29 abr 2023
Universidad de Santa Catalina,La Pontificia y Real Universidad de Santa Catalina o Universidad de Osma fue fundada en 1550 por el obispo portugués Pedro Álvarez de Acosta en El Burgo…,8 kB (983 palabras) - 23:04 2 ago 2019
Universidad de Gandía,Llegó a ser la primera universidad jesuita en el mundo y la única en España.[3] El duque Francisco de Borja fundó la universidad gracias a la bula Copiosus…,5 kB (388 palabras) - 08:01 14 abr 2023
Universidad Yeshiva,"La Universidad Yeshiva (en inglés:Yeshiva University ) es una universidad privada judía de Nueva York. Tiene seis campus universitarios, uno de ellos en…",26 kB (3215 palabras) - 05:04 14 abr 2023
Universidad François-Rabelais,11 de julio de 2015. Programa del concierto España en Europa: Música del Siglo XVIII para tecla. Universidad de La Rioja y por el Ministerio de Ciencia…,3 kB (196 palabras) - 18:05 9 dic 2020
"Universidad de Las Palmas de Gran Canaria Club de Fútbol ""B""","El Universidad de Las Palmas de Gran Canaria Club de Fútbol B es un club de fútbol, filial del Universidad de Las Palmas de Gran Canaria Club de Fútbol…",6 kB (242 palabras) - 07:41 23 ene 2022
Universidad de León Ademar,pertenecientes todos ellos al Abanca Ademar León representarán a la Universidad en los Campeonatos de España Universitarios de balonmano en categoría Masculina. Web…,2 kB (77 palabras) - 11:11 1 jun 2023
Universidad Mayor de San Simón,Consejo Superior de Investigaciones Científicas (CSIC) de España. Es una de las mejores universidades de Bolivia por su prestigio académico a nivel nacional…,11 kB (1211 palabras) - 20:33 13 abr 2023
Universidad Politécnica de Canarias,"La Universidad Politécnica de Canarias, fundada como Universidad Politécnica de Las Palmas, fue una universidad española existente entre 1979 y 1989. Fue…",3 kB (284 palabras) - 14:32 23 dic 2022
Universidad Autónoma del Carmen,"La Universidad Autónoma del Carmen (conocida también por sus siglas UNACAR) es una universidad autónoma mexicana ubicada en el municipio del Carmen, estado…",28 kB (3874 palabras) - 16:00 12 may 2023
Universidad Católica de Eichstaett-Ingolstadt,"La Universidad Católica Eichstätt-Ingolstadt (KU), Katholische Universität Eichstätt-Ingolstadt en alemán, es la única universidad católica en los países…",8 kB (767 palabras) - 12:42 5 ene 2023
Universidad Laboral de Alcalá de Henares,profesional Historia de la educación en España Ingeniería técnica en España Instituto de Educación Secundaria (IES) Universidad Laboral Anexo:Alcalá de Henares…,11 kB (925 palabras) - 16:05 20 mar 2023
Universidad Autónoma de Chiapas,(SAMFE) • Universidad Complutense de España • Instituto Nacional de Administración Pública • Secretaría de Desarrollo Social Ocelotes de la Universidad Autónoma…,28 kB (3590 palabras) - 23:40 14 sep 2022
Universidad de Lille Nord-de-France,"facultades y campus. En el 1562, por orden de Felipe II de España se crea la universidad de Douai (campus Artois - Université Lille Nord de France).…",3 kB (303 palabras) - 21:19 16 oct 2021
Universidad Nacional Experimental Politécnica Antonio José de Sucre,Clasificación académica de universidades del Consejo Superior de Investigaciones Científicas (CSIC) de España es la universidad número 636 de 3754 en la…,10 kB (1057 palabras) - 11:46 25 may 2023
Universidad Interamericana de Puerto Rico,"Ortega y Gasset en Toledo, la Universidad del País Vasco en España, la Universidad de Oxford, Inglaterra, Universidad de Bolonia, Italia, “Rouen Internacional…",12 kB (1238 palabras) - 15:47 20 may 2023
Universidad Gran Mariscal de Ayacucho,"La Universidad Nororiental Privada ""Gran Mariscal de Ayacucho"" (UGMA) es una Universitaria Privada con sede principal en Barcelona y con Núcleos en Maturín…",3 kB (197 palabras) - 11:42 8 jun 2023
Universidad del Valle de Atemajac,"La Universidad del Valle de Atemajac, más conocida por las siglas UNIVA, es un sistema educativo superior católico y privado presente en 6 Estados de…",9 kB (1020 palabras) - 13:22 26 abr 2023
Universidad de Granada Rugby,"Universidad de Granada Rugby es la sección rugby dentro del Club Deportivo Universidad de Granada dependiente de la Universidad de Granada, (España)…",10 kB (1257 palabras) - 20:28 25 may 2022
Universidad de los Hemisferios,"La Universidad Hemisferios (también conocida de forma abreviada como UHemisferios o UHE) es una universidad privada, una institución de Educación Superior…",7 kB (598 palabras) - 11:02 10 ene 2023
Universidad Nacional de Villa María,La Universidad Nacional de Villa María (UNVM) es una universidad pública argentina cuya sede central se encuentra en la ciudad de Villa María.[1] Además…,14 kB (1423 palabras) - 13:03 1 dic 2022
Universidad Autónoma de Zacatecas,La Universidad Autónoma de Zacatecas Francisco García Salinas (UAZ) es la máxima casa de estudios en el estado mexicano de Zacatecas. Actualmente está…,20 kB (2376 palabras) - 09:41 12 mar 2023
Universidad de la Ciudad de Manila,"La Universidad de la Ciudad de Manila (se usa el acrónimo PLM; University of the City of Manila, en inglés; Unibersidad ng Siyudad ng Maynila, en filipino)…",9 kB (822 palabras) - 18:12 30 oct 2022
Universidad Autónoma del Caribe Fútbol Club,"La Universidad Autónoma del Caribe Fútbol Club, conocido simplemente como Uniautónoma, fue un equipo de fútbol que participó en la Categoría Primera A…",35 kB (2962 palabras) - 02:06 20 mar 2023
Universidad de Morón,"La Universidad de Morón, fundada en 1960, es una institución educativa de gestión privada ubicada en Morón, Buenos Aires, Argentina. Es uno de los centros…",16 kB (1956 palabras) - 21:17 25 feb 2023
Universidad Nacional de Río Negro,"países como Holanda, Bélgica, España, Francia, Italia, Gran Bretaña, Alemania y otros países del mundo; (iii) una universidad que combine acertadamente las…",18 kB (1336 palabras) - 03:32 11 abr 2023
Universidad San Francisco de Quito,"La Universidad San Francisco de Quito USFQ es una universidad privada y laica de artes liberales que ofrece programas de pregrado, posgrado y doctorado…",17 kB (1938 palabras) - 17:35 27 may 2023
Universidad Autónoma de Guerrero,"con universidades de Argentina, Brasil, Canadá, Chile, Colombia, Cuba, España, Francia, Portugal, Puerto Rico, E.U.A., Uruguay y con Universidad de Quebec…",34 kB (2605 palabras) - 18:34 9 may 2023
Universidad de Alicante FSF,"El Universidad de Alicante FSF es un equipo de fútbol sala femenino de España perteneciente a la universidad del mismo nombre, situado en el municipio…",8 kB (331 palabras) - 20:16 5 feb 2023
Universidad Pedagógica y Tecnológica de Colombia,"La Universidad Pedagógica y Tecnológica de Colombia (UPTC) es una universidad pública, estatal de carácter nacional, sujeta a inspección y vigilancia por…",37 kB (1911 palabras) - 16:56 29 may 2023
Universidad de Ibagué,entre ellos se destacan los suscritos con las universidades de Salamanca y Castilla-La Mancha de España; Katholieke Universiteit Leuven y Universiteit…,17 kB (1666 palabras) - 23:13 7 nov 2022
Universidad Autónoma de Occidente,"'Bartolomé de las Casas' de la Universidad Carlos III de Madrid, España y la Universidad del Cauca. Desde el inicio de la Universidad se identificó con un logotipo…",19 kB (2261 palabras) - 15:29 19 may 2023
Universidad John Moores,"the Arts, en Barcelona, España, que alberga las Artes Escénicas: Acting, Musical Theater, Dance y Modern Music La universidad está dividida en seis facultades…",12 kB (1384 palabras) - 21:28 3 jun 2023
Universidad de Chernivtsí,La Universidad Nacional Yuriy Fedkovych de Chernivtsí (en ucraniano: Чернівецький національний університет імені Юрія Федьковича) es una universidad pública…,20 kB (2014 palabras) - 23:05 30 may 2023
Universidad Fernando III,"La Universidad CEU Fernando III es una universidad privada ubicada en Sevilla, Andalucía (España). Su nombre rinde homenaje al Rey Fernando el Santo.[1]…",4 kB (355 palabras) - 08:48 24 abr 2023
Universidad Andrews,"La Universidad Andrews es una universidad Adventista del Séptimo Día situada en Berrien Springs, Míchigan. Se fundó en 1874 como Battle Creek College en…",14 kB (1831 palabras) - 06:14 11 ago 2022
Universidad Pontificia Colegio Máximo de San Miguel,La Universidad Pontificia Colegio Máximo de San Miguel fue la institución de educación superior que funcionó en Santiago de Chile entre 1625 y 1767 (125…,6 kB (580 palabras) - 11:49 24 oct 2022
Universidad de San Buenaventura,"La Universidad de San Buenaventura es una universidad privada, sujeta a inspección y vigilancia por medio de la Ley 1740 de 2014 y la ley 30 de 1992 del…",24 kB (2668 palabras) - 10:04 15 mar 2023
Universidad autónoma,Bucaramanga Universidad Autónoma de Colombia Universidad Autónoma de Occidente Universidad Autónoma de Manizales Universidad Autónoma del Caribe Universidad Autónoma…,5 kB (418 palabras) - 02:34 31 ene 2023
